시도,광역지자체,지표 중분류,지표 소분류,기준년월,지표값
강원특별자치도,영월군,관광서비스수요,레포츠여행유형 SNS언급량,202505,84.63
강원특별자치도,영월군,관광서비스수요,휴식힐링여행유형 SNS언급량,202505,78.9
강원특별자치도,영월군,관광서비스수요,미식여행유형 SNS언급량,202505,71.51
강원특별자치도,영월군,관광서비스수요,체험여행유형 SNS언급량,202505,74.54
강원특별자치도,영월군,관광서비스수요,쇼핑업 소비액,202505,59.83
강원특별자치도,영월군,관광서비스수요,식음료 소비액,202505,61.87
강원특별자치도,영월군,관광서비스수요,숙박업 소비액,202505,66.53
강원특별자치도,영월군,관광서비스수요,여가서비스업 소비액,202505,60.97
강원특별자치도,영월군,관광서비스수요,운송업 소비액,202505,65.95
강원특별자치도,영월군,관광서비스수요,내비게이션 숙박유형 검색량,202505,74.25
강원특별자치도,영월군,관광서비스수요,내비게이션 음식유형 검색량,202505,62.87
강원특별자치도,영월군,관광서비스수요,내비게이션 쇼핑유형 검색량,202505,64.59
강원특별자치도,영월군,문화자연자원 수요,내비게이션 문화관광유형 검색량,202505,66.61
강원특별자치도,영월군,문화자연자원 수요,내비게이션 레저스포츠유형 검색량,202505,68.0
강원특별자치도,영월군,문화자연자원 수요,내비게이션 역사관광 유형 검색량,202505,77.63
강원특별자치도,영월군,문화자연자원 수요,내비게이션 체험관광 유형 검색량,202505,67.34
강원특별자치도,영월군,문화자연자원 수요,내비게이션 자연관광 유형 검색량,202505,67.41
강원특별자치도,영월군,관광체류강도,타권역 방문자 비중,202505,84.49
강원특별자치도,영월군,관광체류강도,숙박 비중,202505,89.02
강원특별자치도,영월군,관광체류강도,1박 방문자수,202505,62.3
강원특별자치도,영월군,관광체류강도,2박 방문자수,202505,71.23
강원특별자치도,영월군,관광체류강도,3박 방문자수,202505,63.55
강원특별자치도,영월군,관광소비강도,외지인 소비액,202505,64.08
강원특별자치도,영월군,관광소비강도,전체 대비 외지인소비액 비중,202505,80.97
강원특별자치도,영월군,관광소비강도,방문량대비방문 소비액,202505,69.44
강원특별자치도,영월군,관광객 다양성,10대 방문객수,202505,58.12
강원특별자치도,영월군,관광객 다양성,20대 방문객수,202505,57.95
강원특별자치도,영월군,관광객 다양성,30대 방문객수,202505,59.86
강원특별자치도,영월군,관광객 다양성,40대 방문객수,202505,59.03
강원특별자치도,영월군,관광객 다양성,50대 방문객수,202505,57.95
강원특별자치도,영월군,관광객 다양성,60대 방문객수,202505,60.84
강원특별자치도,영월군,관광객 다양성,70대 방문객수,202505,61.53
강원특별자치도,영월군,관광소비 다양성,10대 소비액,202505,66.45
강원특별자치도,영월군,관광소비 다양성,20대 소비액,202505,65.2
강원특별자치도,영월군,관광소비 다양성,30대 소비액,202505,64.38
강원특별자치도,영월군,관광소비 다양성,40대 소비액,202505,63.18
강원특별자치도,영월군,관광소비 다양성,50대 소비액,202505,63.27
강원특별자치도,영월군,관광소비 다양성,60대 소비액,202505,64.02
강원특별자치도,영월군,관광소비 다양성,70대 소비액,202505,64.79
강원특별자치도,영월군,국제적 다양성,외국인 소비액,202505,69.68
강원특별자치도,영월군,국제적 다양성,외국인 방문자수,202505,68.61
강원특별자치도,영월군,국제적 다양성,외국인 방문객 국적 다양성,202505,79.01
강원특별자치도,영월군,여행거리,강원특별자치도,202505,85.69
강원특별자치도,영월군,여행거리,경기도,202505,72.3
강원특별자치도,영월군,여행거리,경상남도,202505,62.2
강원특별자치도,영월군,여행거리,경상북도,202505,64.25
강원특별자치도,영월군,여행거리,광주광역시,202505,61.65
강원특별자치도,영월군,여행거리,대구광역시,202505,64.7
강원특별자치도,영월군,여행거리,대전광역시,202505,65.21
강원특별자치도,영월군,여행거리,부산광역시,202505,63.33
강원특별자치도,영월군,여행거리,서울특별시,202505,69.61
강원특별자치도,영월군,여행거리,세종특별자치시,202505,66.97
강원특별자치도,영월군,여행거리,울산광역시,202505,66.25
강원특별자치도,영월군,여행거리,인천광역시,202505,73.03
강원특별자치도,영월군,여행거리,전라남도,202505,61.88
강원특별자치도,영월군,여행거리,전북특별자치도,202505,62.53
강원특별자치도,영월군,여행거리,제주특별자치도,202505,63.81
강원특별자치도,영월군,여행거리,충청남도,202505,66.0
강원특별자치도,영월군,여행거리,충청북도,202505,75.67
강원특별자치도,영월군,관광서비스수요,레포츠여행유형 SNS언급량,202506,130.36
강원특별자치도,영월군,관광서비스수요,휴식힐링여행유형 SNS언급량,202506,87.5
강원특별자치도,영월군,관광서비스수요,미식여행유형 SNS언급량,202506,75.64
강원특별자치도,영월군,관광서비스수요,체험여행유형 SNS언급량,202506,77.16
강원특별자치도,영월군,관광서비스수요,쇼핑업 소비액,202506,59.83
강원특별자치도,영월군,관광서비스수요,식음료 소비액,202506,61.86
강원특별자치도,영월군,관광서비스수요,숙박업 소비액,202506,66.55
강원특별자치도,영월군,관광서비스수요,여가서비스업 소비액,202506,60.97
강원특별자치도,영월군,관광서비스수요,운송업 소비액,202506,65.94
강원특별자치도,영월군,관광서비스수요,내비게이션 숙박유형 검색량,202506,73.02
강원특별자치도,영월군,관광서비스수요,내비게이션 음식유형 검색량,202506,62.62
강원특별자치도,영월군,관광서비스수요,내비게이션 쇼핑유형 검색량,202506,64.08
강원특별자치도,영월군,문화자연자원 수요,내비게이션 문화관광유형 검색량,202506,66.01
강원특별자치도,영월군,문화자연자원 수요,내비게이션 레저스포츠유형 검색량,202506,67.43
강원특별자치도,영월군,문화자연자원 수요,내비게이션 역사관광 유형 검색량,202506,75.26
강원특별자치도,영월군,문화자연자원 수요,내비게이션 체험관광 유형 검색량,202506,67.49
강원특별자치도,영월군,문화자연자원 수요,내비게이션 자연관광 유형 검색량,202506,67.81
강원특별자치도,영월군,관광체류강도,타권역 방문자 비중,202506,82.94
강원특별자치도,영월군,관광체류강도,숙박 비중,202506,84.8
강원특별자치도,영월군,관광체류강도,1박 방문자수,202506,61.16
강원특별자치도,영월군,관광체류강도,2박 방문자수,202506,69.76
강원특별자치도,영월군,관광체류강도,3박 방문자수,202506,61.07
강원특별자치도,영월군,관광소비강도,외지인 소비액,202506,63.89
강원특별자치도,영월군,관광소비강도,전체 대비 외지인소비액 비중,202506,81.67
강원특별자치도,영월군,관광소비강도,방문량대비방문 소비액,202506,68.03
강원특별자치도,영월군,관광객 다양성,10대 방문객수,202506,57.78
강원특별자치도,영월군,관광객 다양성,20대 방문객수,202506,57.86
강원특별자치도,영월군,관광객 다양성,30대 방문객수,202506,59.88
강원특별자치도,영월군,관광객 다양성,40대 방문객수,202506,58.76
강원특별자치도,영월군,관광객 다양성,50대 방문객수,202506,57.89
강원특별자치도,영월군,관광객 다양성,60대 방문객수,202506,60.68
강원특별자치도,영월군,관광객 다양성,70대 방문객수,202506,61.11
강원특별자치도,영월군,관광소비 다양성,10대 소비액,202506,66.42
강원특별자치도,영월군,관광소비 다양성,20대 소비액,202506,65.18
강원특별자치도,영월군,관광소비 다양성,30대 소비액,202506,64.36
강원특별자치도,영월군,관광소비 다양성,40대 소비액,202506,62.85
강원특별자치도,영월군,관광소비 다양성,50대 소비액,202506,62.99
강원특별자치도,영월군,관광소비 다양성,60대 소비액,202506,63.81
강원특별자치도,영월군,관광소비 다양성,70대 소비액,202506,64.04
강원특별자치도,영월군,국제적 다양성,외국인 소비액,202506,69.68
강원특별자치도,영월군,국제적 다양성,외국인 방문자수,202506,68.52
강원특별자치도,영월군,국제적 다양성,외국인 방문객 국적 다양성,202506,82.49
강원특별자치도,영월군,여행거리,강원특별자치도,202506,84.56
강원특별자치도,영월군,여행거리,경기도,202506,71.43
강원특별자치도,영월군,여행거리,경상남도,202506,61.56
강원특별자치도,영월군,여행거리,경상북도,202506,64.82
강원특별자치도,영월군,여행거리,광주광역시,202506,61.55
강원특별자치도,영월군,여행거리,대구광역시,202506,64.53
강원특별자치도,영월군,여행거리,대전광역시,202506,65.21
강원특별자치도,영월군,여행거리,부산광역시,202506,62.88
강원특별자치도,영월군,여행거리,서울특별시,202506,68.69
강원특별자치도,영월군,여행거리,세종특별자치시,202506,65.98
강원특별자치도,영월군,여행거리,울산광역시,202506,65.61
강원특별자치도,영월군,여행거리,인천광역시,202506,71.59
강원특별자치도,영월군,여행거리,전라남도,202506,63.8
강원특별자치도,영월군,여행거리,전북특별자치도,202506,62.87
강원특별자치도,영월군,여행거리,제주특별자치도,202506,64.22
강원특별자치도,영월군,여행거리,충청남도,202506,66.29
강원특별자치도,영월군,여행거리,충청북도,202506,75.2
강원특별자치도,영월군,관광서비스수요,레포츠여행유형 SNS언급량,202507,139.6
강원특별자치도,영월군,관광서비스수요,휴식힐링여행유형 SNS언급량,202507,89.69
강원특별자치도,영월군,관광서비스수요,미식여행유형 SNS언급량,202507,68.03
강원특별자치도,영월군,관광서비스수요,체험여행유형 SNS언급량,202507,78.25
강원특별자치도,영월군,관광서비스수요,쇼핑업 소비액,202507,59.83
강원특별자치도,영월군,관광서비스수요,식음료 소비액,202507,61.87
강원특별자치도,영월군,관광서비스수요,숙박업 소비액,202507,66.6
강원특별자치도,영월군,관광서비스수요,여가서비스업 소비액,202507,60.99
강원특별자치도,영월군,관광서비스수요,운송업 소비액,202507,65.95
강원특별자치도,영월군,관광서비스수요,내비게이션 숙박유형 검색량,202507,77.76
강원특별자치도,영월군,관광서비스수요,내비게이션 음식유형 검색량,202507,63.59
강원특별자치도,영월군,관광서비스수요,내비게이션 쇼핑유형 검색량,202507,64.72
강원특별자치도,영월군,문화자연자원 수요,내비게이션 문화관광유형 검색량,202507,65.99
강원특별자치도,영월군,문화자연자원 수요,내비게이션 레저스포츠유형 검색량,202507,68.28
강원특별자치도,영월군,문화자연자원 수요,내비게이션 역사관광 유형 검색량,202507,73.73
강원특별자치도,영월군,문화자연자원 수요,내비게이션 체험관광 유형 검색량,202507,66.78
강원특별자치도,영월군,문화자연자원 수요,내비게이션 자연관광 유형 검색량,202507,70.99
강원특별자치도,영월군,관광체류강도,타권역 방문자 비중,202507,87.59
강원특별자치도,영월군,관광체류강도,숙박 비중,202507,92.94
강원특별자치도,영월군,관광체류강도,1박 방문자수,202507,64.84
강원특별자치도,영월군,관광체류강도,2박 방문자수,202507,74.62
강원특별자치도,영월군,관광체류강도,3박 방문자수,202507,64.76
강원특별자치도,영월군,관광소비강도,외지인 소비액,202507,64.27
강원특별자치도,영월군,관광소비강도,전체 대비 외지인소비액 비중,202507,80.54
강원특별자치도,영월군,관광소비강도,방문량대비방문 소비액,202507,69.55
강원특별자치도,영월군,관광객 다양성,10대 방문객수,202507,58.88
강원특별자치도,영월군,관광객 다양성,20대 방문객수,202507,58.25
강원특별자치도,영월군,관광객 다양성,30대 방문객수,202507,60.19
강원특별자치도,영월군,관광객 다양성,40대 방문객수,202507,59.37
강원특별자치도,영월군,관광객 다양성,50대 방문객수,202507,58.29
강원특별자치도,영월군,관광객 다양성,60대 방문객수,202507,61.2
강원특별자치도,영월군,관광객 다양성,70대 방문객수,202507,61.46
강원특별자치도,영월군,관광소비 다양성,10대 소비액,202507,66.41
강원특별자치도,영월군,관광소비 다양성,20대 소비액,202507,65.31
강원특별자치도,영월군,관광소비 다양성,30대 소비액,202507,64.55
강원특별자치도,영월군,관광소비 다양성,40대 소비액,202507,63.49
강원특별자치도,영월군,관광소비 다양성,50대 소비액,202507,63.46
강원특별자치도,영월군,관광소비 다양성,60대 소비액,202507,64.2
강원특별자치도,영월군,관광소비 다양성,70대 소비액,202507,64.32
강원특별자치도,영월군,국제적 다양성,외국인 소비액,202507,69.68
강원특별자치도,영월군,국제적 다양성,외국인 방문자수,202507,68.93
강원특별자치도,영월군,국제적 다양성,외국인 방문객 국적 다양성,202507,75.63
강원특별자치도,영월군,여행거리,강원특별자치도,202507,86.05
강원특별자치도,영월군,여행거리,경기도,202507,74.25
강원특별자치도,영월군,여행거리,경상남도,202507,63.03
강원특별자치도,영월군,여행거리,경상북도,202507,66.82
강원특별자치도,영월군,여행거리,광주광역시,202507,63.0
강원특별자치도,영월군,여행거리,대구광역시,202507,67.24
강원특별자치도,영월군,여행거리,대전광역시,202507,67.3
강원특별자치도,영월군,여행거리,부산광역시,202507,64.21
강원특별자치도,영월군,여행거리,서울특별시,202507,69.64
강원특별자치도,영월군,여행거리,세종특별자치시,202507,68.72
강원특별자치도,영월군,여행거리,울산광역시,202507,68.71
강원특별자치도,영월군,여행거리,인천광역시,202507,75.04
강원특별자치도,영월군,여행거리,전라남도,202507,63.6
강원특별자치도,영월군,여행거리,전북특별자치도,202507,64.41
강원특별자치도,영월군,여행거리,제주특별자치도,202507,64.86
강원특별자치도,영월군,여행거리,충청남도,202507,70.24
강원특별자치도,영월군,여행거리,충청북도,202507,77.2
강원특별자치도,영월군,관광서비스수요,레포츠여행유형 SNS언급량,202508,122.5
강원특별자치도,영월군,관광서비스수요,휴식힐링여행유형 SNS언급량,202508,83.63
강원특별자치도,영월군,관광서비스수요,미식여행유형 SNS언급량,202508,65.95
강원특별자치도,영월군,관광서비스수요,체험여행유형 SNS언급량,202508,73.45
강원특별자치도,영월군,관광서비스수요,쇼핑업 소비액,202508,59.84
강원특별자치도,영월군,관광서비스수요,식음료 소비액,202508,61.88
강원특별자치도,영월군,관광서비스수요,숙박업 소비액,202508,66.73
강원특별자치도,영월군,관광서비스수요,여가서비스업 소비액,202508,61.04
강원특별자치도,영월군,관광서비스수요,운송업 소비액,202508,65.96
강원특별자치도,영월군,관광서비스수요,내비게이션 숙박유형 검색량,202508,84.12
강원특별자치도,영월군,관광서비스수요,내비게이션 음식유형 검색량,202508,65.52
강원특별자치도,영월군,관광서비스수요,내비게이션 쇼핑유형 검색량,202508,66.37
강원특별자치도,영월군,문화자연자원 수요,내비게이션 문화관광유형 검색량,202508,69.2
강원특별자치도,영월군,문화자연자원 수요,내비게이션 레저스포츠유형 검색량,202508,69.2
강원특별자치도,영월군,문화자연자원 수요,내비게이션 역사관광 유형 검색량,202508,80.29
강원특별자치도,영월군,문화자연자원 수요,내비게이션 체험관광 유형 검색량,202508,67.2
강원특별자치도,영월군,문화자연자원 수요,내비게이션 자연관광 유형 검색량,202508,73.25
강원특별자치도,영월군,관광체류강도,타권역 방문자 비중,202508,95.08
강원특별자치도,영월군,관광체류강도,숙박 비중,202508,96.68
강원특별자치도,영월군,관광체류강도,1박 방문자수,202508,67.88
강원특별자치도,영월군,관광체류강도,2박 방문자수,202508,84.68
강원특별자치도,영월군,관광체류강도,3박 방문자수,202508,65.82
강원특별자치도,영월군,관광소비강도,외지인 소비액,202508,64.81
강원특별자치도,영월군,관광소비강도,전체 대비 외지인소비액 비중,202508,81.87
강원특별자치도,영월군,관광소비강도,방문량대비방문 소비액,202508,72.23
강원특별자치도,영월군,관광객 다양성,10대 방문객수,202508,59.6
강원특별자치도,영월군,관광객 다양성,20대 방문객수,202508,58.43
강원특별자치도,영월군,관광객 다양성,30대 방문객수,202508,60.65
강원특별자치도,영월군,관광객 다양성,40대 방문객수,202508,60.08
강원특별자치도,영월군,관광객 다양성,50대 방문객수,202508,58.75
강원특별자치도,영월군,관광객 다양성,60대 방문객수,202508,61.77
강원특별자치도,영월군,관광객 다양성,70대 방문객수,202508,61.77
강원특별자치도,영월군,관광소비 다양성,10대 소비액,202508,66.42
강원특별자치도,영월군,관광소비 다양성,20대 소비액,202508,65.4
강원특별자치도,영월군,관광소비 다양성,30대 소비액,202508,64.97
강원특별자치도,영월군,관광소비 다양성,40대 소비액,202508,64.06
강원특별자치도,영월군,관광소비 다양성,50대 소비액,202508,64.23
강원특별자치도,영월군,관광소비 다양성,60대 소비액,202508,65.12
강원특별자치도,영월군,관광소비 다양성,70대 소비액,202508,65.11
강원특별자치도,영월군,국제적 다양성,외국인 소비액,202508,69.71
강원특별자치도,영월군,국제적 다양성,외국인 방문자수,202508,68.63
강원특별자치도,영월군,국제적 다양성,외국인 방문객 국적 다양성,202508,71.74
강원특별자치도,영월군,여행거리,강원특별자치도,202508,85.63
강원특별자치도,영월군,여행거리,경기도,202508,78.96
강원특별자치도,영월군,여행거리,경상남도,202508,64.61
강원특별자치도,영월군,여행거리,경상북도,202508,68.56
강원특별자치도,영월군,여행거리,광주광역시,202508,63.05
강원특별자치도,영월군,여행거리,대구광역시,202508,69.06
강원특별자치도,영월군,여행거리,대전광역시,202508,68.51
강원특별자치도,영월군,여행거리,부산광역시,202508,65.99
강원특별자치도,영월군,여행거리,서울특별시,202508,72.53
강원특별자치도,영월군,여행거리,세종특별자치시,202508,70.38
강원특별자치도,영월군,여행거리,울산광역시,202508,70.28
강원특별자치도,영월군,여행거리,인천광역시,202508,81.55
강원특별자치도,영월군,여행거리,전라남도,202508,64.02
강원특별자치도,영월군,여행거리,전북특별자치도,202508,64.9
강원특별자치도,영월군,여행거리,제주특별자치도,202508,64.16
강원특별자치도,영월군,여행거리,충청남도,202508,72.32
강원특별자치도,영월군,여행거리,충청북도,202508,79.98
강원특별자치도,영월군,관광서비스수요,레포츠여행유형 SNS언급량,202509,82.58
강원특별자치도,영월군,관광서비스수요,휴식힐링여행유형 SNS언급량,202509,76.45
강원특별자치도,영월군,관광서비스수요,미식여행유형 SNS언급량,202509,64.87
강원특별자치도,영월군,관광서비스수요,체험여행유형 SNS언급량,202509,72.71
강원특별자치도,영월군,관광서비스수요,쇼핑업 소비액,202509,59.82
강원특별자치도,영월군,관광서비스수요,식음료 소비액,202509,61.86
강원특별자치도,영월군,관광서비스수요,숙박업 소비액,202509,66.51
강원특별자치도,영월군,관광서비스수요,여가서비스업 소비액,202509,60.92
강원특별자치도,영월군,관광서비스수요,운송업 소비액,202509,65.95
강원특별자치도,영월군,관광서비스수요,내비게이션 숙박유형 검색량,202509,68.95
강원특별자치도,영월군,관광서비스수요,내비게이션 음식유형 검색량,202509,61.74
강원특별자치도,영월군,관광서비스수요,내비게이션 쇼핑유형 검색량,202509,63.58
강원특별자치도,영월군,문화자연자원 수요,내비게이션 문화관광유형 검색량,202509,64.56
강원특별자치도,영월군,문화자연자원 수요,내비게이션 레저스포츠유형 검색량,202509,66.91
강원특별자치도,영월군,문화자연자원 수요,내비게이션 역사관광 유형 검색량,202509,72.21
강원특별자치도,영월군,문화자연자원 수요,내비게이션 체험관광 유형 검색량,202509,66.52
강원특별자치도,영월군,문화자연자원 수요,내비게이션 자연관광 유형 검색량,202509,66.82
강원특별자치도,영월군,관광체류강도,타권역 방문자 비중,202509,76.63
강원특별자치도,영월군,관광체류강도,숙박 비중,202509,80.58
강원특별자치도,영월군,관광체류강도,1박 방문자수,202509,59.53
강원특별자치도,영월군,관광체류강도,2박 방문자수,202509,64.83
강원특별자치도,영월군,관광체류강도,3박 방문자수,202509,60.79
강원특별자치도,영월군,관광소비강도,외지인 소비액,202509,63.78
강원특별자치도,영월군,관광소비강도,전체 대비 외지인소비액 비중,202509,81.17
강원특별자치도,영월군,관광소비강도,방문량대비방문 소비액,202509,67.62
강원특별자치도,영월군,관광객 다양성,10대 방문객수,202509,58.06
강원특별자치도,영월군,관광객 다양성,20대 방문객수,202509,57.9
강원특별자치도,영월군,관광객 다양성,30대 방문객수,202509,59.68
강원특별자치도,영월군,관광객 다양성,40대 방문객수,202509,58.53
강원특별자치도,영월군,관광객 다양성,50대 방문객수,202509,57.55
강원특별자치도,영월군,관광객 다양성,60대 방문객수,202509,60.6
강원특별자치도,영월군,관광객 다양성,70대 방문객수,202509,60.84
강원특별자치도,영월군,관광소비 다양성,10대 소비액,202509,66.28
강원특별자치도,영월군,관광소비 다양성,20대 소비액,202509,65.16
강원특별자치도,영월군,관광소비 다양성,30대 소비액,202509,64.28
강원특별자치도,영월군,관광소비 다양성,40대 소비액,202509,62.81
강원특별자치도,영월군,관광소비 다양성,50대 소비액,202509,62.65
강원특별자치도,영월군,관광소비 다양성,60대 소비액,202509,63.72
강원특별자치도,영월군,관광소비 다양성,70대 소비액,202509,64.37
강원특별자치도,영월군,국제적 다양성,외국인 소비액,202509,69.73
강원특별자치도,영월군,국제적 다양성,외국인 방문자수,202509,68.43
강원특별자치도,영월군,국제적 다양성,외국인 방문객 국적 다양성,202509,69.21
강원특별자치도,영월군,여행거리,강원특별자치도,202509,89.12
강원특별자치도,영월군,여행거리,경기도,202509,68.54
강원특별자치도,영월군,여행거리,경상남도,202509,60.88
강원특별자치도,영월군,여행거리,경상북도,202509,64.07
강원특별자치도,영월군,여행거리,광주광역시,202509,60.99
강원특별자치도,영월군,여행거리,대구광역시,202509,63.95
강원특별자치도,영월군,여행거리,대전광역시,202509,64.6
강원특별자치도,영월군,여행거리,부산광역시,202509,62.41
강원특별자치도,영월군,여행거리,서울특별시,202509,67.41
강원특별자치도,영월군,여행거리,세종특별자치시,202509,65.22
강원특별자치도,영월군,여행거리,울산광역시,202509,64.42
강원특별자치도,영월군,여행거리,인천광역시,202509,68.91
강원특별자치도,영월군,여행거리,전라남도,202509,61.51
강원특별자치도,영월군,여행거리,전북특별자치도,202509,62.35
강원특별자치도,영월군,여행거리,제주특별자치도,202509,64.04
강원특별자치도,영월군,여행거리,충청남도,202509,64.74
강원특별자치도,영월군,여행거리,충청북도,202509,73.56
강원특별자치도,영월군,관광서비스수요,레포츠여행유형 SNS언급량,202510,74.65
강원특별자치도,영월군,관광서비스수요,휴식힐링여행유형 SNS언급량,202510,75.3
강원특별자치도,영월군,관광서비스수요,미식여행유형 SNS언급량,202510,65.14
강원특별자치도,영월군,관광서비스수요,체험여행유형 SNS언급량,202510,73.63
강원특별자치도,영월군,관광서비스수요,쇼핑업 소비액,202510,59.83
강원특별자치도,영월군,관광서비스수요,식음료 소비액,202510,61.87
강원특별자치도,영월군,관광서비스수요,숙박업 소비액,202510,66.69
강원특별자치도,영월군,관광서비스수요,여가서비스업 소비액,202510,61.02
강원특별자치도,영월군,관광서비스수요,운송업 소비액,202510,65.95
강원특별자치도,영월군,관광서비스수요,내비게이션 숙박유형 검색량,202510,80.34
강원특별자치도,영월군,관광서비스수요,내비게이션 음식유형 검색량,202510,65.16
강원특별자치도,영월군,관광서비스수요,내비게이션 쇼핑유형 검색량,202510,65.89
강원특별자치도,영월군,문화자연자원 수요,내비게이션 문화관광유형 검색량,202510,71.41
강원특별자치도,영월군,문화자연자원 수요,내비게이션 레저스포츠유형 검색량,202510,68.58
강원특별자치도,영월군,문화자연자원 수요,내비게이션 역사관광 유형 검색량,202510,87.5
강원특별자치도,영월군,문화자연자원 수요,내비게이션 체험관광 유형 검색량,202510,68.4
강원특별자치도,영월군,문화자연자원 수요,내비게이션 자연관광 유형 검색량,202510,68.64
강원특별자치도,영월군,관광체류강도,타권역 방문자 비중,202510,89.07
강원특별자치도,영월군,관광체류강도,숙박 비중,202510,94.15
강원특별자치도,영월군,관광체류강도,1박 방문자수,202510,63.66
강원특별자치도,영월군,관광체류강도,2박 방문자수,202510,76.37
강원특별자치도,영월군,관광체류강도,3박 방문자수,202510,68.33
강원특별자치도,영월군,관광소비강도,외지인 소비액,202510,64.38
강원특별자치도,영월군,관광소비강도,전체 대비 외지인소비액 비중,202510,81.8
강원특별자치도,영월군,관광소비강도,방문량대비방문 소비액,202510,70.7
강원특별자치도,영월군,관광객 다양성,10대 방문객수,202510,58.73
강원특별자치도,영월군,관광객 다양성,20대 방문객수,202510,58.31
강원특별자치도,영월군,관광객 다양성,30대 방문객수,202510,60.27
강원특별자치도,영월군,관광객 다양성,40대 방문객수,202510,59.32
강원특별자치도,영월군,관광객 다양성,50대 방문객수,202510,58.23
강원특별자치도,영월군,관광객 다양성,60대 방문객수,202510,61.14
강원특별자치도,영월군,관광객 다양성,70대 방문객수,202510,61.65
강원특별자치도,영월군,관광소비 다양성,10대 소비액,202510,66.38
강원특별자치도,영월군,관광소비 다양성,20대 소비액,202510,65.28
강원특별자치도,영월군,관광소비 다양성,30대 소비액,202510,64.6
강원특별자치도,영월군,관광소비 다양성,40대 소비액,202510,63.46
강원특별자치도,영월군,관광소비 다양성,50대 소비액,202510,63.66
강원특별자치도,영월군,관광소비 다양성,60대 소비액,202510,64.84
강원특별자치도,영월군,관광소비 다양성,70대 소비액,202510,64.58
강원특별자치도,영월군,국제적 다양성,외국인 소비액,202510,69.71
강원특별자치도,영월군,국제적 다양성,외국인 방문자수,202510,68.6
강원특별자치도,영월군,국제적 다양성,외국인 방문객 국적 다양성,202510,72.16
강원특별자치도,영월군,여행거리,강원특별자치도,202510,87.81
강원특별자치도,영월군,여행거리,경기도,202510,74.62
강원특별자치도,영월군,여행거리,경상남도,202510,64.41
강원특별자치도,영월군,여행거리,경상북도,202510,65.54
강원특별자치도,영월군,여행거리,광주광역시,202510,62.97
강원특별자치도,영월군,여행거리,대구광역시,202510,65.94
강원특별자치도,영월군,여행거리,대전광역시,202510,67.08
강원특별자치도,영월군,여행거리,부산광역시,202510,65.28
강원특별자치도,영월군,여행거리,서울특별시,202510,70.97
강원특별자치도,영월군,여행거리,세종특별자치시,202510,68.12
강원특별자치도,영월군,여행거리,울산광역시,202510,69.59
강원특별자치도,영월군,여행거리,인천광역시,202510,76.14
강원특별자치도,영월군,여행거리,전라남도,202510,63.57
강원특별자치도,영월군,여행거리,전북특별자치도,202510,63.64
강원특별자치도,영월군,여행거리,제주특별자치도,202510,64.58
강원특별자치도,영월군,여행거리,충청남도,202510,67.6
강원특별자치도,영월군,여행거리,충청북도,202510,76.42
강원특별자치도,영월군,관광서비스수요,레포츠여행유형 SNS언급량,202511,70.71
강원특별자치도,영월군,관광서비스수요,휴식힐링여행유형 SNS언급량,202511,72.28
강원특별자치도,영월군,관광서비스수요,미식여행유형 SNS언급량,202511,64.17
강원특별자치도,영월군,관광서비스수요,체험여행유형 SNS언급량,202511,71.23
강원특별자치도,영월군,관광서비스수요,쇼핑업 소비액,202511,59.82
강원특별자치도,영월군,관광서비스수요,식음료 소비액,202511,61.86
강원특별자치도,영월군,관광서비스수요,숙박업 소비액,202511,66.51
강원특별자치도,영월군,관광서비스수요,여가서비스업 소비액,202511,60.94
강원특별자치도,영월군,관광서비스수요,운송업 소비액,202511,65.95
강원특별자치도,영월군,관광서비스수요,내비게이션 숙박유형 검색량,202511,68.42
강원특별자치도,영월군,관광서비스수요,내비게이션 음식유형 검색량,202511,61.63
강원특별자치도,영월군,관광서비스수요,내비게이션 쇼핑유형 검색량,202511,63.58
강원특별자치도,영월군,문화자연자원 수요,내비게이션 문화관광유형 검색량,202511,64.75
강원특별자치도,영월군,문화자연자원 수요,내비게이션 레저스포츠유형 검색량,202511,66.99
강원특별자치도,영월군,문화자연자원 수요,내비게이션 역사관광 유형 검색량,202511,75.13
강원특별자치도,영월군,문화자연자원 수요,내비게이션 체험관광 유형 검색량,202511,66.96
강원특별자치도,영월군,문화자연자원 수요,내비게이션 자연관광 유형 검색량,202511,66.45
강원특별자치도,영월군,관광체류강도,타권역 방문자 비중,202511,74.3
강원특별자치도,영월군,관광체류강도,숙박 비중,202511,80.64
강원특별자치도,영월군,관광체류강도,1박 방문자수,202511,59.4
강원특별자치도,영월군,관광체류강도,2박 방문자수,202511,62.63
강원특별자치도,영월군,관광체류강도,3박 방문자수,202511,60.07
강원특별자치도,영월군,관광소비강도,외지인 소비액,202511,63.77
강원특별자치도,영월군,관광소비강도,전체 대비 외지인소비액 비중,202511,80.46
강원특별자치도,영월군,관광소비강도,방문량대비방문 소비액,202511,68.78
강원특별자치도,영월군,관광객 다양성,10대 방문객수,202511,57.56
강원특별자치도,영월군,관광객 다양성,20대 방문객수,202511,57.72
강원특별자치도,영월군,관광객 다양성,30대 방문객수,202511,59.54
강원특별자치도,영월군,관광객 다양성,40대 방문객수,202511,58.24
강원특별자치도,영월군,관광객 다양성,50대 방문객수,202511,57.45
강원특별자치도,영월군,관광객 다양성,60대 방문객수,202511,60.24
강원특별자치도,영월군,관광객 다양성,70대 방문객수,202511,60.98
강원특별자치도,영월군,관광소비 다양성,10대 소비액,202511,66.21
강원특별자치도,영월군,관광소비 다양성,20대 소비액,202511,65.13
강원특별자치도,영월군,관광소비 다양성,30대 소비액,202511,64.19
강원특별자치도,영월군,관광소비 다양성,40대 소비액,202511,62.61
강원특별자치도,영월군,관광소비 다양성,50대 소비액,202511,62.86
강원특별자치도,영월군,관광소비 다양성,60대 소비액,202511,64.02
강원특별자치도,영월군,관광소비 다양성,70대 소비액,202511,64.35
강원특별자치도,영월군,국제적 다양성,외국인 소비액,202511,69.71
강원특별자치도,영월군,국제적 다양성,외국인 방문자수,202511,68.44
강원특별자치도,영월군,국제적 다양성,외국인 방문객 국적 다양성,202511,75.78
강원특별자치도,영월군,여행거리,강원특별자치도,202511,82.42
강원특별자치도,영월군,여행거리,경기도,202511,68.31
강원특별자치도,영월군,여행거리,경상남도,202511,60.93
강원특별자치도,영월군,여행거리,경상북도,202511,63.69
강원특별자치도,영월군,여행거리,광주광역시,202511,61.04
강원특별자치도,영월군,여행거리,대구광역시,202511,63.76
강원특별자치도,영월군,여행거리,대전광역시,202511,64.11
강원특별자치도,영월군,여행거리,부산광역시,202511,62.42
강원특별자치도,영월군,여행거리,서울특별시,202511,67.39
강원특별자치도,영월군,여행거리,세종특별자치시,202511,64.6
강원특별자치도,영월군,여행거리,울산광역시,202511,65.59
강원특별자치도,영월군,여행거리,인천광역시,202511,68.9
강원특별자치도,영월군,여행거리,전라남도,202511,61.15
강원특별자치도,영월군,여행거리,전북특별자치도,202511,62.7
강원특별자치도,영월군,여행거리,제주특별자치도,202511,63.38
강원특별자치도,영월군,여행거리,충청남도,202511,63.71
강원특별자치도,영월군,여행거리,충청북도,202511,72.42
강원특별자치도,영월군,관광서비스수요,레포츠여행유형 SNS언급량,202512,68.32
강원특별자치도,영월군,관광서비스수요,휴식힐링여행유형 SNS언급량,202512,69.79
강원특별자치도,영월군,관광서비스수요,미식여행유형 SNS언급량,202512,64.56
강원특별자치도,영월군,관광서비스수요,체험여행유형 SNS언급량,202512,67.52
강원특별자치도,영월군,관광서비스수요,쇼핑업 소비액,202512,59.82
강원특별자치도,영월군,관광서비스수요,식음료 소비액,202512,61.86
강원특별자치도,영월군,관광서비스수요,숙박업 소비액,202512,66.42
강원특별자치도,영월군,관광서비스수요,여가서비스업 소비액,202512,60.82
강원특별자치도,영월군,관광서비스수요,운송업 소비액,202512,65.96
강원특별자치도,영월군,관광서비스수요,내비게이션 숙박유형 검색량,202512,65.8
강원특별자치도,영월군,관광서비스수요,내비게이션 음식유형 검색량,202512,60.46
강원특별자치도,영월군,관광서비스수요,내비게이션 쇼핑유형 검색량,202512,62.72
강원특별자치도,영월군,문화자연자원 수요,내비게이션 문화관광유형 검색량,202512,62.07
강원특별자치도,영월군,문화자연자원 수요,내비게이션 레저스포츠유형 검색량,202512,65.58
강원특별자치도,영월군,문화자연자원 수요,내비게이션 역사관광 유형 검색량,202512,67.53
강원특별자치도,영월군,문화자연자원 수요,내비게이션 체험관광 유형 검색량,202512,65.86
강원특별자치도,영월군,문화자연자원 수요,내비게이션 자연관광 유형 검색량,202512,65.53
강원특별자치도,영월군,관광체류강도,타권역 방문자 비중,202512,65.03
강원특별자치도,영월군,관광체류강도,숙박 비중,202512,79.14
강원특별자치도,영월군,관광체류강도,1박 방문자수,202512,56.47
강원특별자치도,영월군,관광체류강도,2박 방문자수,202512,61.29
강원특별자치도,영월군,관광체류강도,3박 방문자수,202512,59.97
강원특별자치도,영월군,관광소비강도,외지인 소비액,202512,63.48
강원특별자치도,영월군,관광소비강도,전체 대비 외지인소비액 비중,202512,80.54
강원특별자치도,영월군,관광소비강도,방문량대비방문 소비액,202512,67.43
강원특별자치도,영월군,관광객 다양성,10대 방문객수,202512,57.66
강원특별자치도,영월군,관광객 다양성,20대 방문객수,202512,57.75
강원특별자치도,영월군,관광객 다양성,30대 방문객수,202512,59.31
강원특별자치도,영월군,관광객 다양성,40대 방문객수,202512,57.84
강원특별자치도,영월군,관광객 다양성,50대 방문객수,202512,56.75
강원특별자치도,영월군,관광객 다양성,60대 방문객수,202512,59.11
강원특별자치도,영월군,관광객 다양성,70대 방문객수,202512,60.33
강원특별자치도,영월군,관광소비 다양성,10대 소비액,202512,66.33
강원특별자치도,영월군,관광소비 다양성,20대 소비액,202512,65.16
강원특별자치도,영월군,관광소비 다양성,30대 소비액,202512,64.1
강원특별자치도,영월군,관광소비 다양성,40대 소비액,202512,62.48
강원특별자치도,영월군,관광소비 다양성,50대 소비액,202512,62.19
강원특별자치도,영월군,관광소비 다양성,60대 소비액,202512,63.18
강원특별자치도,영월군,관광소비 다양성,70대 소비액,202512,63.44
강원특별자치도,영월군,국제적 다양성,외국인 소비액,202512,69.7
강원특별자치도,영월군,국제적 다양성,외국인 방문자수,202512,68.43
강원특별자치도,영월군,국제적 다양성,외국인 방문객 국적 다양성,202512,82.63
강원특별자치도,영월군,여행거리,강원특별자치도,202512,79.43
강원특별자치도,영월군,여행거리,경기도,202512,65.71
강원특별자치도,영월군,여행거리,경상남도,202512,60.23
강원특별자치도,영월군,여행거리,경상북도,202512,62.12
강원특별자치도,영월군,여행거리,광주광역시,202512,60.85
강원특별자치도,영월군,여행거리,대구광역시,202512,62.96
강원특별자치도,영월군,여행거리,대전광역시,202512,63.01
강원특별자치도,영월군,여행거리,부산광역시,202512,61.55
강원특별자치도,영월군,여행거리,서울특별시,202512,65.87
강원특별자치도,영월군,여행거리,세종특별자치시,202512,63.9
강원특별자치도,영월군,여행거리,울산광역시,202512,63.17
강원특별자치도,영월군,여행거리,인천광역시,202512,66.11
강원특별자치도,영월군,여행거리,전라남도,202512,60.6
강원특별자치도,영월군,여행거리,전북특별자치도,202512,61.27
강원특별자치도,영월군,여행거리,제주특별자치도,202512,62.93
강원특별자치도,영월군,여행거리,충청남도,202512,62.71
강원특별자치도,영월군,여행거리,충청북도,202512,70.27
강원특별자치도,영월군,관광서비스수요,레포츠여행유형 SNS언급량,202601,68.74
강원특별자치도,영월군,관광서비스수요,휴식힐링여행유형 SNS언급량,202601,69.26
강원특별자치도,영월군,관광서비스수요,미식여행유형 SNS언급량,202601,64.71
강원특별자치도,영월군,관광서비스수요,체험여행유형 SNS언급량,202601,68.66
강원특별자치도,영월군,관광서비스수요,쇼핑업 소비액,202601,59.82
강원특별자치도,영월군,관광서비스수요,식음료 소비액,202601,61.86
강원특별자치도,영월군,관광서비스수요,숙박업 소비액,202601,66.35
강원특별자치도,영월군,관광서비스수요,여가서비스업 소비액,202601,60.81
강원특별자치도,영월군,관광서비스수요,운송업 소비액,202601,65.95
강원특별자치도,영월군,관광서비스수요,내비게이션 숙박유형 검색량,202601,64.77
강원특별자치도,영월군,관광서비스수요,내비게이션 음식유형 검색량,202601,60.44
강원특별자치도,영월군,관광서비스수요,내비게이션 쇼핑유형 검색량,202601,62.88
강원특별자치도,영월군,문화자연자원 수요,내비게이션 문화관광유형 검색량,202601,62.02
강원특별자치도,영월군,문화자연자원 수요,내비게이션 레저스포츠유형 검색량,202601,65.4
강원특별자치도,영월군,문화자연자원 수요,내비게이션 역사관광 유형 검색량,202601,67.46
강원특별자치도,영월군,문화자연자원 수요,내비게이션 체험관광 유형 검색량,202601,65.94
강원특별자치도,영월군,문화자연자원 수요,내비게이션 자연관광 유형 검색량,202601,65.64
강원특별자치도,영월군,관광체류강도,타권역 방문자 비중,202601,68.37
강원특별자치도,영월군,관광체류강도,숙박 비중,202601,76.9
강원특별자치도,영월군,관광체류강도,1박 방문자수,202601,55.94
강원특별자치도,영월군,관광체류강도,2박 방문자수,202601,61.1
강원특별자치도,영월군,관광체류강도,3박 방문자수,202601,60.32
강원특별자치도,영월군,관광소비강도,외지인 소비액,202601,63.34
강원특별자치도,영월군,관광소비강도,전체 대비 외지인소비액 비중,202601,80.7
강원특별자치도,영월군,관광소비강도,방문량대비방문 소비액,202601,66.43
강원특별자치도,영월군,관광객 다양성,10대 방문객수,202601,57.58
강원특별자치도,영월군,관광객 다양성,20대 방문객수,202601,57.71
강원특별자치도,영월군,관광객 다양성,30대 방문객수,202601,59.2
강원특별자치도,영월군,관광객 다양성,40대 방문객수,202601,57.75
강원특별자치도,영월군,관광객 다양성,50대 방문객수,202601,56.54
강원특별자치도,영월군,관광객 다양성,60대 방문객수,202601,58.69
강원특별자치도,영월군,관광객 다양성,70대 방문객수,202601,59.81
강원특별자치도,영월군,관광소비 다양성,10대 소비액,202601,66.11
강원특별자치도,영월군,관광소비 다양성,20대 소비액,202601,65.08
강원특별자치도,영월군,관광소비 다양성,30대 소비액,202601,64.03
강원특별자치도,영월군,관광소비 다양성,40대 소비액,202601,62.24
강원특별자치도,영월군,관광소비 다양성,50대 소비액,202601,61.91
강원특별자치도,영월군,관광소비 다양성,60대 소비액,202601,63.23
강원특별자치도,영월군,관광소비 다양성,70대 소비액,202601,63.61
강원특별자치도,영월군,국제적 다양성,외국인 소비액,202601,69.68
강원특별자치도,영월군,국제적 다양성,외국인 방문자수,202601,68.22
강원특별자치도,영월군,국제적 다양성,외국인 방문객 국적 다양성,202601,80.05
강원특별자치도,영월군,여행거리,강원특별자치도,202601,77.08
강원특별자치도,영월군,여행거리,경기도,202601,66.18
강원특별자치도,영월군,여행거리,경상남도,202601,60.31
강원특별자치도,영월군,여행거리,경상북도,202601,62.48
강원특별자치도,영월군,여행거리,광주광역시,202601,60.32
강원특별자치도,영월군,여행거리,대구광역시,202601,63.43
강원특별자치도,영월군,여행거리,대전광역시,202601,63.51
강원특별자치도,영월군,여행거리,부산광역시,202601,62.68
강원특별자치도,영월군,여행거리,서울특별시,202601,65.98
강원특별자치도,영월군,여행거리,세종특별자치시,202601,63.9
강원특별자치도,영월군,여행거리,울산광역시,202601,64.06
강원특별자치도,영월군,여행거리,인천광역시,202601,66.69
강원특별자치도,영월군,여행거리,전라남도,202601,60.65
강원특별자치도,영월군,여행거리,전북특별자치도,202601,61.53
강원특별자치도,영월군,여행거리,제주특별자치도,202601,63.14
강원특별자치도,영월군,여행거리,충청남도,202601,63.58
강원특별자치도,영월군,여행거리,충청북도,202601,70.3
강원특별자치도,영월군,관광서비스수요,레포츠여행유형 SNS언급량,202602,69.03
강원특별자치도,영월군,관광서비스수요,휴식힐링여행유형 SNS언급량,202602,73.84
강원특별자치도,영월군,관광서비스수요,미식여행유형 SNS언급량,202602,64.6
강원특별자치도,영월군,관광서비스수요,체험여행유형 SNS언급량,202602,68.26
강원특별자치도,영월군,관광서비스수요,쇼핑업 소비액,202602,59.82
강원특별자치도,영월군,관광서비스수요,식음료 소비액,202602,61.86
강원특별자치도,영월군,관광서비스수요,숙박업 소비액,202602,66.38
강원특별자치도,영월군,관광서비스수요,여가서비스업 소비액,202602,60.84
강원특별자치도,영월군,관광서비스수요,운송업 소비액,202602,65.94
강원특별자치도,영월군,관광서비스수요,내비게이션 숙박유형 검색량,202602,66.21
강원특별자치도,영월군,관광서비스수요,내비게이션 음식유형 검색량,202602,61.59
강원특별자치도,영월군,관광서비스수요,내비게이션 쇼핑유형 검색량,202602,63.92
강원특별자치도,영월군,문화자연자원 수요,내비게이션 문화관광유형 검색량,202602,65.28
강원특별자치도,영월군,문화자연자원 수요,내비게이션 레저스포츠유형 검색량,202602,65.82
강원특별자치도,영월군,문화자연자원 수요,내비게이션 역사관광 유형 검색량,202602,91.94
강원특별자치도,영월군,문화자연자원 수요,내비게이션 체험관광 유형 검색량,202602,66.09
강원특별자치도,영월군,문화자연자원 수요,내비게이션 자연관광 유형 검색량,202602,66.15
강원특별자치도,영월군,관광체류강도,타권역 방문자 비중,202602,80.82
강원특별자치도,영월군,관광체류강도,숙박 비중,202602,86.02
강원특별자치도,영월군,관광체류강도,1박 방문자수,202602,58.49
강원특별자치도,영월군,관광체류강도,2박 방문자수,202602,66.7
강원특별자치도,영월군,관광체류강도,3박 방문자수,202602,62.42
강원특별자치도,영월군,관광소비강도,외지인 소비액,202602,63.55
강원특별자치도,영월군,관광소비강도,전체 대비 외지인소비액 비중,202602,81.85
강원특별자치도,영월군,관광소비강도,방문량대비방문 소비액,202602,68.18
강원특별자치도,영월군,관광객 다양성,10대 방문객수,202602,58.33
강원특별자치도,영월군,관광객 다양성,20대 방문객수,202602,57.97
강원특별자치도,영월군,관광객 다양성,30대 방문객수,202602,59.33
강원특별자치도,영월군,관광객 다양성,40대 방문객수,202602,58.06
강원특별자치도,영월군,관광객 다양성,50대 방문객수,202602,56.63
강원특별자치도,영월군,관광객 다양성,60대 방문객수,202602,58.74
강원특별자치도,영월군,관광객 다양성,70대 방문객수,202602,59.62
강원특별자치도,영월군,관광소비 다양성,10대 소비액,202602,66.23
강원특별자치도,영월군,관광소비 다양성,20대 소비액,202602,65.17
강원특별자치도,영월군,관광소비 다양성,30대 소비액,202602,64.16
강원특별자치도,영월군,관광소비 다양성,40대 소비액,202602,62.75
강원특별자치도,영월군,관광소비 다양성,50대 소비액,202602,62.19
강원특별자치도,영월군,관광소비 다양성,60대 소비액,202602,62.98
강원특별자치도,영월군,관광소비 다양성,70대 소비액,202602,63.74
강원특별자치도,영월군,국제적 다양성,외국인 소비액,202602,69.68
강원특별자치도,영월군,국제적 다양성,외국인 방문자수,202602,68.26
강원특별자치도,영월군,국제적 다양성,외국인 방문객 국적 다양성,202602,75.73
강원특별자치도,영월군,여행거리,강원특별자치도,202602,79.81
강원특별자치도,영월군,여행거리,경기도,202602,68.85
강원특별자치도,영월군,여행거리,경상남도,202602,62.03
강원특별자치도,영월군,여행거리,경상북도,202602,62.93
강원특별자치도,영월군,여행거리,광주광역시,202602,61.33
강원특별자치도,영월군,여행거리,대구광역시,202602,63.88
강원특별자치도,영월군,여행거리,대전광역시,202602,64.56
강원특별자치도,영월군,여행거리,부산광역시,202602,63.08
강원특별자치도,영월군,여행거리,서울특별시,202602,67.9
강원특별자치도,영월군,여행거리,세종특별자치시,202602,66.01
강원특별자치도,영월군,여행거리,울산광역시,202602,66.19
강원특별자치도,영월군,여행거리,인천광역시,202602,70.05
강원특별자치도,영월군,여행거리,전라남도,202602,61.49
강원특별자치도,영월군,여행거리,전북특별자치도,202602,61.83
강원특별자치도,영월군,여행거리,제주특별자치도,202602,64.23
강원특별자치도,영월군,여행거리,충청남도,202602,64.67
강원특별자치도,영월군,여행거리,충청북도,202602,72.51
강원특별자치도,영월군,관광서비스수요,레포츠여행유형 SNS언급량,202603,77.18
강원특별자치도,영월군,관광서비스수요,휴식힐링여행유형 SNS언급량,202603,86.86
강원특별자치도,영월군,관광서비스수요,미식여행유형 SNS언급량,202603,65.6
강원특별자치도,영월군,관광서비스수요,체험여행유형 SNS언급량,202603,77.62
강원특별자치도,영월군,관광서비스수요,쇼핑업 소비액,202603,59.82
강원특별자치도,영월군,관광서비스수요,식음료 소비액,202603,61.87
강원특별자치도,영월군,관광서비스수요,숙박업 소비액,202603,66.43
강원특별자치도,영월군,관광서비스수요,여가서비스업 소비액,202603,60.88
강원특별자치도,영월군,관광서비스수요,운송업 소비액,202603,65.95
강원특별자치도,영월군,관광서비스수요,내비게이션 숙박유형 검색량,202603,66.42
강원특별자치도,영월군,관광서비스수요,내비게이션 음식유형 검색량,202603,62.3
강원특별자치도,영월군,관광서비스수요,내비게이션 쇼핑유형 검색량,202603,64.65
강원특별자치도,영월군,문화자연자원 수요,내비게이션 문화관광유형 검색량,202603,67.82
강원특별자치도,영월군,문화자연자원 수요,내비게이션 레저스포츠유형 검색량,202603,66.32
강원특별자치도,영월군,문화자연자원 수요,내비게이션 역사관광 유형 검색량,202603,120.88
강원특별자치도,영월군,문화자연자원 수요,내비게이션 체험관광 유형 검색량,202603,66.28
강원특별자치도,영월군,문화자연자원 수요,내비게이션 자연관광 유형 검색량,202603,66.09
강원특별자치도,영월군,관광체류강도,타권역 방문자 비중,202603,78.96
강원특별자치도,영월군,관광체류강도,숙박 비중,202603,74.71
강원특별자치도,영월군,관광체류강도,1박 방문자수,202603,58.15
강원특별자치도,영월군,관광체류강도,2박 방문자수,202603,62.12
강원특별자치도,영월군,관광체류강도,3박 방문자수,202603,62.3
강원특별자치도,영월군,관광소비강도,외지인 소비액,202603,63.78
강원특별자치도,영월군,관광소비강도,전체 대비 외지인소비액 비중,202603,81.4
강원특별자치도,영월군,관광소비강도,방문량대비방문 소비액,202603,67.88
강원특별자치도,영월군,관광객 다양성,10대 방문객수,202603,58.92
강원특별자치도,영월군,관광객 다양성,20대 방문객수,202603,57.98
강원특별자치도,영월군,관광객 다양성,30대 방문객수,202603,59.5
강원특별자치도,영월군,관광객 다양성,40대 방문객수,202603,58.16
강원특별자치도,영월군,관광객 다양성,50대 방문객수,202603,57.36
강원특별자치도,영월군,관광객 다양성,60대 방문객수,202603,60.4
강원특별자치도,영월군,관광객 다양성,70대 방문객수,202603,61.28
강원특별자치도,영월군,관광소비 다양성,10대 소비액,202603,66.3
강원특별자치도,영월군,관광소비 다양성,20대 소비액,202603,65.19
강원특별자치도,영월군,관광소비 다양성,30대 소비액,202603,64.17
강원특별자치도,영월군,관광소비 다양성,40대 소비액,202603,62.66
강원특별자치도,영월군,관광소비 다양성,50대 소비액,202603,62.59
강원특별자치도,영월군,관광소비 다양성,60대 소비액,202603,64.29
강원특별자치도,영월군,관광소비 다양성,70대 소비액,202603,64.73
강원특별자치도,영월군,국제적 다양성,외국인 소비액,202603,69.7
강원특별자치도,영월군,국제적 다양성,외국인 방문자수,202603,68.22
강원특별자치도,영월군,국제적 다양성,외국인 방문객 국적 다양성,202603,79.16
강원특별자치도,영월군,여행거리,강원특별자치도,202603,84.27
강원특별자치도,영월군,여행거리,경기도,202603,69.18
강원특별자치도,영월군,여행거리,경상남도,202603,62.25
강원특별자치도,영월군,여행거리,경상북도,202603,64.27
강원특별자치도,영월군,여행거리,광주광역시,202603,61.17
강원특별자치도,영월군,여행거리,대구광역시,202603,64.91
강원특별자치도,영월군,여행거리,대전광역시,202603,64.84
강원특별자치도,영월군,여행거리,부산광역시,202603,63.53
강원특별자치도,영월군,여행거리,서울특별시,202603,68.03
강원특별자치도,영월군,여행거리,세종특별자치시,202603,65.88
강원특별자치도,영월군,여행거리,울산광역시,202603,65.27
강원특별자치도,영월군,여행거리,인천광역시,202603,69.37
강원특별자치도,영월군,여행거리,전라남도,202603,61.96
강원특별자치도,영월군,여행거리,전북특별자치도,202603,62.79
강원특별자치도,영월군,여행거리,제주특별자치도,202603,64.35
강원특별자치도,영월군,여행거리,충청남도,202603,64.74
강원특별자치도,영월군,여행거리,충청북도,202603,74.17
강원특별자치도,영월군,관광서비스수요,레포츠여행유형 SNS언급량,202604,75.97
강원특별자치도,영월군,관광서비스수요,휴식힐링여행유형 SNS언급량,202604,79.3
강원특별자치도,영월군,관광서비스수요,미식여행유형 SNS언급량,202604,65.45
강원특별자치도,영월군,관광서비스수요,체험여행유형 SNS언급량,202604,79.16
강원특별자치도,영월군,관광서비스수요,쇼핑업 소비액,202604,59.82
강원특별자치도,영월군,관광서비스수요,식음료 소비액,202604,61.87
강원특별자치도,영월군,관광서비스수요,숙박업 소비액,202604,66.52
강원특별자치도,영월군,관광서비스수요,여가서비스업 소비액,202604,60.96
강원특별자치도,영월군,관광서비스수요,운송업 소비액,202604,65.96
강원특별자치도,영월군,관광서비스수요,내비게이션 숙박유형 검색량,202604,69.55
강원특별자치도,영월군,관광서비스수요,내비게이션 음식유형 검색량,202604,63.43
강원특별자치도,영월군,관광서비스수요,내비게이션 쇼핑유형 검색량,202604,63.42
강원특별자치도,영월군,문화자연자원 수요,내비게이션 문화관광유형 검색량,202604,70.91
강원특별자치도,영월군,문화자연자원 수요,내비게이션 레저스포츠유형 검색량,202604,68.5
강원특별자치도,영월군,문화자연자원 수요,내비게이션 역사관광 유형 검색량,202604,111.08
강원특별자치도,영월군,문화자연자원 수요,내비게이션 체험관광 유형 검색량,202604,67.07
강원특별자치도,영월군,문화자연자원 수요,내비게이션 자연관광 유형 검색량,202604,66.88
강원특별자치도,영월군,관광체류강도,타권역 방문자 비중,202604,83.76
강원특별자치도,영월군,관광체류강도,숙박 비중,202604,79.17
강원특별자치도,영월군,관광체류강도,1박 방문자수,202604,61.17
강원특별자치도,영월군,관광체류강도,2박 방문자수,202604,64.41
강원특별자치도,영월군,관광체류강도,3박 방문자수,202604,60.74
강원특별자치도,영월군,관광소비강도,외지인 소비액,202604,64.12
강원특별자치도,영월군,관광소비강도,전체 대비 외지인소비액 비중,202604,81.94
강원특별자치도,영월군,관광소비강도,방문량대비방문 소비액,202604,70.84
강원특별자치도,영월군,관광객 다양성,10대 방문객수,202604,57.28
강원특별자치도,영월군,관광객 다양성,20대 방문객수,202604,57.89
강원특별자치도,영월군,관광객 다양성,30대 방문객수,202604,59.56
강원특별자치도,영월군,관광객 다양성,40대 방문객수,202604,58.22
강원특별자치도,영월군,관광객 다양성,50대 방문객수,202604,57.78
강원특별자치도,영월군,관광객 다양성,60대 방문객수,202604,61.49
강원특별자치도,영월군,관광객 다양성,70대 방문객수,202604,63.02
강원특별자치도,영월군,관광소비 다양성,10대 소비액,202604,66.23
강원특별자치도,영월군,관광소비 다양성,20대 소비액,202604,65.13
강원특별자치도,영월군,관광소비 다양성,30대 소비액,202604,64.34
강원특별자치도,영월군,관광소비 다양성,40대 소비액,202604,62.77
강원특별자치도,영월군,관광소비 다양성,50대 소비액,202604,63.16
강원특별자치도,영월군,관광소비 다양성,60대 소비액,202604,65.61
강원특별자치도,영월군,관광소비 다양성,70대 소비액,202604,65.89
강원특별자치도,영월군,국제적 다양성,외국인 소비액,202604,69.72
강원특별자치도,영월군,국제적 다양성,외국인 방문자수,202604,69.0
강원특별자치도,영월군,국제적 다양성,외국인 방문객 국적 다양성,202604,87.94
강원특별자치도,영월군,여행거리,강원특별자치도,202604,87.46
강원특별자치도,영월군,여행거리,경기도,202604,70.37
강원특별자치도,영월군,여행거리,경상남도,202604,63.06
강원특별자치도,영월군,여행거리,경상북도,202604,66.19
강원특별자치도,영월군,여행거리,광주광역시,202604,61.7
강원특별자치도,영월군,여행거리,대구광역시,202604,66.41
강원특별자치도,영월군,여행거리,대전광역시,202604,65.57
강원특별자치도,영월군,여행거리,부산광역시,202604,64.8
강원특별자치도,영월군,여행거리,서울특별시,202604,68.89
강원특별자치도,영월군,여행거리,세종특별자치시,202604,65.66
강원특별자치도,영월군,여행거리,울산광역시,202604,66.97
강원특별자치도,영월군,여행거리,인천광역시,202604,71.53
강원특별자치도,영월군,여행거리,전라남도,202604,61.95
강원특별자치도,영월군,여행거리,전북특별자치도,202604,63.38
강원특별자치도,영월군,여행거리,제주특별자치도,202604,64.78
강원특별자치도,영월군,여행거리,충청남도,202604,65.88
강원특별자치도,영월군,여행거리,충청북도,202604,74.8
